lead_id,created_at,source,first_name,email,phone,city,instagram_handle,interest,budget,occasion,consent,email_allowed,score,segment,score_reason,status,sequence_id,seq_step,next_action_at,last_contacted_at,launch_step,last_newsletter_id,thread_ids,last_reply_at,reply_class,notes,updated_at
LD-20261003-A7K2,2026-10-03T10:14:22+05:30,sample_data,Ananya,kayademo.customers+lead01@gmail.com,+91 00000 00001,Mumbai,@ananya.styles_demo,earrings,1500_3000,diwali_outfit,TRUE,TRUE,80,hot,budget 1500_3000 +15; occasion diwali_outfit +25; interest earrings +10; instagram +10; phone +10; consent +10,nurturing,WAITLIST_NURTURE,2,2026-10-06T10:15:12+05:30,2026-10-04T10:15:12+05:30,0,,,,,,2026-10-04T10:15:12+05:30
LD-20260930-Q3M8,2026-09-30T09:12:44+05:30,sample_data,Priya,kayademo.customers+lead02@gmail.com,,Pune,@priyawears_demo,necklaces,3000_5000,gifting,TRUE,TRUE,77,hot,budget 3000_5000 +25; occasion gifting +20; interest necklaces +12; instagram +10; consent +10,hot,WAITLIST_NURTURE,3,,2026-10-03T09:14:10+05:30,0,,,2026-10-03T13:02:00+05:30,interested,Wants the Jharokha Layered Necklace as a gift for her sister.,2026-10-03T13:02:00+05:30
LD-20261007-Z1C4,2026-10-07T20:15:09+05:30,sample_data,Sneha,kayademo.customers+lead03@gmail.com,,Bengaluru,,maang_tikka,under_1500,self_treat,TRUE,TRUE,38,cold,budget under_1500 +5; occasion self_treat +15; interest maang_tikka +8; consent +10,new,WAITLIST_NURTURE,0,2026-10-07T20:15:09+05:30,,0,,,,,,2026-10-07T20:15:09+05:30
LD-20261006-R9T5,2026-10-06T19:40:10+05:30,sample_data,Ritika,kayademo.customers+lead04@gmail.com,+91 00000 00004,Delhi,@ritika.weddingdiaries_demo,full_set,above_5000,wedding_season,TRUE,TRUE,95,hot,budget above_5000 +30; occasion wedding_season +20; interest full_set +15; instagram +10; phone +10; consent +10,nurturing,WAITLIST_NURTURE,1,2026-10-07T19:41:02+05:30,2026-10-06T19:41:02+05:30,0,,,,,,2026-10-06T19:41:02+05:30
LD-20261008-M2P6,2026-10-08T07:45:31+05:30,sample_data,Meera,kayademo.customers+lead05@gmail.com,,Jaipur,@meera.in.jaipur_demo,bangles,3000_5000,diwali_outfit,TRUE,TRUE,80,hot,budget 3000_5000 +25; occasion diwali_outfit +25; interest bangles +10; instagram +10; consent +10,new,WAITLIST_NURTURE,0,2026-10-08T07:45:31+05:30,,0,,,,,,2026-10-08T07:45:31+05:30
LD-20260929-H6J1,2026-09-29T12:05:40+05:30,sample_data,Aisha,kayademo.customers+lead06@gmail.com,+91 00000 00006,Hyderabad,,earrings,1500_3000,gifting,TRUE,TRUE,65,warm,budget 1500_3000 +15; occasion gifting +20; interest earrings +10; phone +10; consent +10,nurturing,WAITLIST_NURTURE,3,2026-10-04T12:06:45+05:30,2026-10-02T12:06:45+05:30,0,,,,,,2026-10-02T12:06:45+05:30
LD-20260928-P4D7,2026-09-28T16:45:00+05:30,sample_data,Pooja,kayademo.customers+lead07@gmail.com,,Ahmedabad,,gifting,1500_3000,gifting,TRUE,TRUE,55,warm,budget 1500_3000 +15; occasion gifting +20; interest gifting +10; consent +10,nurture_done,WAITLIST_NURTURE,4,,2026-10-03T16:46:50+05:30,0,,,,,,2026-10-03T16:46:50+05:30
LD-20261002-C8V3,2026-10-02T18:30:00+05:30,sample_data,Divya,kayademo.customers+lead08@gmail.com,,Chennai,@divya.daily_demo,earrings,under_1500,just_browsing,TRUE,TRUE,35,cold,budget under_1500 +5; occasion just_browsing +0; interest earrings +10; instagram +10; consent +10,replied,WAITLIST_NURTURE,2,,2026-10-03T18:31:05+05:30,0,,,2026-10-04T09:47:00+05:30,question,Asked how heavy the Roshni Kundan Jhumkas are.,2026-10-04T09:47:00+05:30
LD-20261005-N5B2,2026-10-05T14:00:12+05:30,sample_data,Neha,kayademo.customers+lead09@gmail.com,,Kolkata,,necklaces,1500_3000,self_treat,TRUE,TRUE,52,warm,budget 1500_3000 +15; occasion self_treat +15; interest necklaces +12; consent +10,unsubscribed,WAITLIST_NURTURE,1,,2026-10-05T14:00:58+05:30,0,,,2026-10-05T16:20:00+05:30,unsubscribe,,2026-10-05T16:20:00+05:30
LD-20261008-S3W9,2026-10-08T09:02:47+05:30,sample_data,Shreya,kayademo.customers+lead10@gmail.com,+91 00000 00010,Lucknow,@shreya.shaadi.looks_demo,maang_tikka,1500_3000,wedding_season,TRUE,TRUE,73,hot,budget 1500_3000 +15; occasion wedding_season +20; interest maang_tikka +8; instagram +10; phone +10; consent +10,new,WAITLIST_NURTURE,0,2026-10-08T09:02:47+05:30,,0,,,,,,2026-10-08T09:02:47+05:30
LD-20261007-T7G4,2026-10-07T08:22:15+05:30,sample_data,Simran,kayademo.customers+lead11@gmail.com,,Indore,@simran.gifts_demo,bangles,3000_5000,gifting,TRUE,TRUE,75,hot,budget 3000_5000 +25; occasion gifting +20; interest bangles +10; instagram +10; consent +10,nurturing,WAITLIST_NURTURE,1,2026-10-08T08:23:01+05:30,2026-10-07T08:23:01+05:30,0,,,,,,2026-10-07T08:23:01+05:30
LD-20261008-I1K8,2026-10-08T10:30:05+05:30,sample_data,Isha,kayademo.customers+lead12@gmail.com,,Chandigarh,,earrings,1500_3000,diwali_outfit,TRUE,TRUE,60,warm,budget 1500_3000 +15; occasion diwali_outfit +25; interest earrings +10; consent +10,new,WAITLIST_NURTURE,0,2026-10-08T10:30:05+05:30,,0,,,,,,2026-10-08T10:30:05+05:30
LD-20261004-R2Y6,2026-10-04T21:10:33+05:30,sample_data,Riya,kayademo.customers+lead13@gmail.com,,Surat,@riya.festive_demo,full_set,above_5000,diwali_outfit,TRUE,TRUE,90,hot,budget above_5000 +30; occasion diwali_outfit +25; interest full_set +15; instagram +10; consent +10,nurturing,WAITLIST_NURTURE,2,2026-10-07T21:11:40+05:30,2026-10-05T21:11:40+05:30,0,,,,,,2026-10-05T21:11:40+05:30
LD-20261008-N9F3,2026-10-08T11:12:58+05:30,sample_data,Nandini,kayademo.customers+lead14@gmail.com,,Kochi,,gifting,under_1500,gifting,TRUE,TRUE,45,warm,budget under_1500 +5; occasion gifting +20; interest gifting +10; consent +10,new,WAITLIST_NURTURE,0,2026-10-08T11:12:58+05:30,,0,,,,,,2026-10-08T11:12:58+05:30
LD-20261006-Z4E1,2026-10-06T13:33:21+05:30,sample_data,Zoya,zoya.demo@example.com,,Bhopal,@zoya.styles_demo,earrings,1500_3000,diwali_outfit,TRUE,FALSE,70,hot,budget 1500_3000 +15; occasion diwali_outfit +25; interest earrings +10; instagram +10; consent +10,blocked,WAITLIST_NURTURE,0,,,0,,,,,Signed up with an address outside the demo inboxes; the safety gate blocked it.,2026-10-06T13:33:21+05:30
