prospect_id,type,business_name,contact_name,email,instagram_handle,city,followers,niche,notes,fit_score,email_allowed,sequence_id,status,seq_step,next_action_at,last_contacted_at,thread_ids,last_reply_at,reply_class,deal_notes,updated_at
PR-B01,boutique,Saanjh Boutique,Shalini Rao,kayademo.customers+boutique1@gmail.com,@saanjh.boutique_demo,Pune,,Handloom sarees and festive wear,Stocks handwoven Paithani and Chanderi sarees; posts a weekly 'styled by Saanjh' look; has no jewellery section yet.,85,TRUE,OUTREACH_BOUTIQUE,new,0,,,,,,,2026-10-07T18:00:00+05:30
PR-B02,boutique,Neel Kamal Studio,Hetal Shah,kayademo.customers+boutique2@gmail.com,@neelkamal.studio_demo,Ahmedabad,,Indo-western festive and bridal wear,Opened a second store in 2025; sells lehengas; captions often say 'complete the look'.,80,TRUE,OUTREACH_BOUTIQUE,new,0,,,,,,,2026-10-07T18:00:00+05:30
PR-B03,boutique,The Chikan Room,Farah Siddiqui,kayademo.customers+boutique3@gmail.com,@thechikanroom_demo,Lucknow,,Chikankari kurtas,Pastel chikankari kurtas; product photos often pair them with silver jewellery.,72,TRUE,OUTREACH_BOUTIQUE,new,0,,,,,,,2026-10-07T18:00:00+05:30
PR-B04,boutique,Gulmohar Concept Store,Ravi Menon,kayademo.customers+boutique4@gmail.com,@gulmohar.concept_demo,Bengaluru,,Curated Indian design labels,Curates 40+ small Indian labels and runs a Diwali pop-up every year.,90,TRUE,OUTREACH_BOUTIQUE,new,0,,,,,,,2026-10-07T18:00:00+05:30
PR-B05,boutique,Kesariya Couture,Anjali Bhatia,kayademo.customers+boutique5@gmail.com,@kesariya.couture_demo,Delhi,,Festive lehengas and shararas,Busy Diwali and wedding season; has a small accessories counter near the billing desk.,78,TRUE,OUTREACH_BOUTIQUE,new,0,,,,,,,2026-10-07T18:00:00+05:30
PR-B06,boutique,Mitti & Moti,Deepa Iyer,kayademo.customers+boutique6@gmail.com,@mittiandmoti_demo,Chennai,,Handmade home decor and gifts,"Sells diyas, candles and gift hampers; popular Diwali gifting page.",70,TRUE,OUTREACH_BOUTIQUE,new,0,,,,,,,2026-10-07T18:00:00+05:30
PR-I01,micro_influencer,Tanvi Styles,Tanvi Kulkarni,kayademo.customers+influencer1@gmail.com,@tanvistyles_demo,Mumbai,18400,Festive ethnic styling,"Posts 'one saree, three looks' reels; audience mostly women aged 22 to 32.",88,TRUE,OUTREACH_INFLUENCER,new,0,,,,,,,2026-10-07T18:00:00+05:30
PR-I02,micro_influencer,Desi Drapes Daily,Kriti Arora,kayademo.customers+influencer2@gmail.com,@desidrapesdaily_demo,Delhi,42100,Saree draping tutorials,Draping tutorials with jewellery close-ups; did a Navratri series this year.,84,TRUE,OUTREACH_INFLUENCER,new,0,,,,,,,2026-10-07T18:00:00+05:30
PR-I03,micro_influencer,Minimal Mehak,Mehak Jain,kayademo.customers+influencer3@gmail.com,@minimalmehak_demo,Jaipur,9800,Minimal everyday ethnic,"Lives in Jaipur, loves lightweight studs, shoots in the old-city lanes.",80,TRUE,OUTREACH_INFLUENCER,new,0,,,,,,,2026-10-07T18:00:00+05:30
PR-I04,micro_influencer,The Gifting Edit,Sana Sheikh,kayademo.customers+influencer4@gmail.com,@thegiftingedit_demo,Hyderabad,26700,Gift guides,Publishes Diwali gift guides every October in carousel format.,86,TRUE,OUTREACH_INFLUENCER,new,0,,,,,,,2026-10-07T18:00:00+05:30
PR-I05,micro_influencer,Bride on a Budget,Nikita Rao,kayademo.customers+influencer5@gmail.com,@brideonabudget_demo,Bengaluru,33500,Budget bridal and wedding-guest looks,"Wedding-guest outfit ideas under ₹5,000; posts get many saves.",75,TRUE,OUTREACH_INFLUENCER,new,0,,,,,,,2026-10-07T18:00:00+05:30
PR-I06,micro_influencer,Kolkata Kahani,Ishani Sen,kayademo.customers+influencer6@gmail.com,@kolkatakahani_demo,Kolkata,12300,Culture and festive lifestyle,Durga Puja and Diwali lifestyle content with storytelling captions.,70,TRUE,OUTREACH_INFLUENCER,new,0,,,,,,,2026-10-07T18:00:00+05:30
